Cost_Centers,Custom_Department_Name
1201,Operations
1202,Operations
1203,Operations
1204,Operations
1205,Operations
1206,Operations
1207,Operations
1208,Operations
1209,Operations
1292,Operations
1301,Operations
1801,Operations
C1505,Operations
C1605,Operations
C2299,Operations
C2300,Operations
C3104,Operations
1501,Manufacturing Eningering 
C1702,Manufacturing Eningering 
1221,Advanced Biomaterials
1401,"Health, Safety & Environment"
C4004,"Health, Safety & Environment"
1601,Maintenance & Facilities
1210,Quality
1701,Quality
1703,Quality
C1305,Quality
2101,Research
2501,Translational Product Development
2502,Product Development
C5104,Product Development
5101,Marketing
C3104,Marketing
5201,BD & Account Management
C3204,BD & Account Management
8001,Finance & Accounting
C4003,Finance & Accounting
8101,Human Resources
C4001,Human Resources
8201,Information Technology
C4002,Information Technology
8301,Executive Administration
C3105,Product Management
9502,SanaVita Medical
9503,SanaVita Medical
9504,SanaVita Medical
9601,Solesis